Date,Close
2009-05-26,6851.1
2009-05-27,7215.2
2009-05-28,7338.6
2009-05-29,7416.0
2009-06-01,7364.05
2009-06-02,7343.2
2009-06-03,7262.3
2009-06-04,7349.9
2009-06-05,7343.3
2009-06-08,6975.05
2009-06-09,7185.75
2009-06-10,7338.95
2009-06-11,7251.65
2009-06-12,7083.1
2009-06-15,7081.2
2009-06-16,7274.15
2009-06-17,7081.75
2009-06-18,7081.15
2009-06-19,7223.55
2009-06-22,7229.55
2009-06-23,7091.3
2009-06-24,7107.9
2009-06-25,7123.0
2009-06-26,7398.45
2009-06-29,7508.6
2009-06-30,7338.85
2009-07-01,7452.6
2009-07-02,7397.95
2009-07-03,7566.05
2009-07-06,6946.45
2009-07-07,6952.6
2009-07-08,6661.75
2009-07-09,6672.75
2009-07-10,6520.6
2009-07-13,6531.3
2009-07-14,6756.4
2009-07-15,6938.7
2009-07-16,6912.4
2009-07-17,7231.05
2009-07-20,7530.2
2009-07-21,7430.4
2009-07-22,7329.55
2009-07-23,7473.5
2009-07-24,7385.55
2009-07-27,7398.65
2009-07-28,7312.55
2009-07-29,7224.2
2009-07-30,7389.7
2009-07-31,7544.5
2009-08-03,7650.1
2009-08-04,7617.8
2009-08-05,7607.5
2009-08-06,7471.8
2009-08-07,7249.5
2009-08-10,7160.0
2009-08-11,7218.25
2009-08-12,7172.05
2009-08-13,7472.4
2009-08-14,7418.95
2009-08-17,7104.85
2009-08-18,7207.25
2009-08-19,7106.7
2009-08-20,7261.2
2009-08-21,7377.1
2009-08-24,7507.4
2009-08-25,7424.5
2009-08-26,7418.35
2009-08-27,7385.65
2009-08-28,7482.4
2009-08-31,7431.65
2009-09-01,7377.2
2009-09-02,7339.55
2009-09-03,7351.0
2009-09-04,7444.15
2009-09-07,7650.65
2009-09-08,7717.9
2009-09-09,7776.2
2009-09-10,7828.3
2009-09-11,7914.95
2009-09-14,7985.6
2009-09-15,8210.7
2009-09-16,8362.8
2009-09-17,8433.35
2009-09-18,8379.25
2009-09-22,8452.0
2009-09-23,8423.7
2009-09-24,8545.0
2009-09-25,8456.25
2009-09-29,8487.7
2009-09-30,8812.35
2009-10-01,8861.05
2009-10-05,8661.7
2009-10-06,8808.4
2009-10-07,8750.0
2009-10-08,8834.6
2009-10-09,8696.8
2009-10-12,8963.8
2009-10-14,9150.0
2009-10-15,9296.75
2009-10-16,9526.7
2009-10-17,9513.4
2009-10-20,9476.4
2009-10-21,9273.05
2009-10-22,9090.1
2009-10-23,9188.4
2009-10-26,9033.85
2009-10-27,8698.8
2009-10-28,8609.1
2009-10-29,8417.85
2009-10-30,8438.6
2009-11-03,8255.45
2009-11-04,8506.75
2009-11-05,8537.2
2009-11-06,8723.75
2009-11-09,9137.5
2009-11-10,9179.5
2009-11-11,9337.6
2009-11-12,9084.8
2009-11-13,9155.65
2009-11-16,9266.4
2009-11-17,9299.6
2009-11-18,9223.85
2009-11-19,9041.65
2009-11-20,9219.05
2009-11-23,9274.1
2009-11-24,9247.65
2009-11-25,9303.15
2009-11-26,9067.65
2009-11-27,8945.05
2009-11-30,9046.95
2009-12-01,9250.95
2009-12-02,9327.25
2009-12-03,9345.25
2009-12-04,9245.05
2009-12-07,9175.6
2009-12-08,9290.1
2009-12-09,9146.35
2009-12-10,9205.65
2009-12-11,9097.2
2009-12-14,8996.75
2009-12-15,8734.45
2009-12-16,8667.4
2009-12-17,8697.2
2009-12-18,8599.95
2009-12-21,8609.55
2009-12-22,8712.5
2009-12-23,8919.05
2009-12-24,8968.1
2009-12-29,8991.9
2009-12-30,8994.6
2009-12-31,9029.5
2010-01-04,9112.35
2010-01-05,9192.15
2010-01-06,9223.0
2010-01-07,9192.95
2010-01-08,9160.7
2010-01-11,9173.55
2010-01-12,8985.1
2010-01-13,8926.1
2010-01-14,8910.8
2010-01-15,8911.1
2010-01-18,9093.25
2010-01-19,9135.9
2010-01-20,9126.35
2010-01-21,8919.3
2010-01-22,8772.65
2010-01-25,8696.6
2010-01-27,8329.8
2010-01-28,8423.85
2010-01-29,8651.55
2010-02-01,8649.25
2010-02-02,8468.15
2010-02-03,8631.85
2010-02-04,8471.1
2010-02-05,8223.25
2010-02-06,8275.2
2010-02-08,8342.2
2010-02-09,8392.45
2010-02-10,8290.0
2010-02-11,8381.4
2010-02-15,8312.7
2010-02-16,8397.8
2010-02-17,8551.5
2010-02-18,8573.9
2010-02-19,8487.1
2010-02-22,8493.35
2010-02-23,8512.95
2010-02-24,8504.55
2010-02-25,8537.8
2010-02-26,8722.75
2010-03-02,8922.1
2010-03-03,9039.45
2010-03-04,9013.8
2010-03-05,9038.45
2010-03-08,9145.95
2010-03-09,9138.2
2010-03-10,9119.25
2010-03-11,9186.85
2010-03-12,9172.9
2010-03-15,9085.5
2010-03-16,9102.95
2010-03-17,9188.4
2010-03-18,9252.3
2010-03-19,9270.8
2010-03-22,9186.95
2010-03-23,9222.9
2010-03-25,9318.25
2010-03-26,9456.2
2010-03-29,9517.6
2010-03-30,9470.3
2010-03-31,9459.6
2010-04-01,9507.75
2010-04-05,9698.6
2010-04-06,9728.2
2010-04-07,9681.05
2010-04-08,9520.0
2010-04-09,9656.5
2010-04-12,9575.45
2010-04-13,9483.0
2010-04-15,9344.6
2010-04-16,9353.75
2010-04-19,9302.9
2010-04-20,9446.1
2010-04-21,9555.3
2010-04-22,9623.25
2010-04-23,9813.3
2010-04-26,9839.15
2010-04-27,9756.45
2010-04-28,9634.9
2010-04-29,9803.8
2010-04-30,9870.35
2010-05-03,9775.5
2010-05-04,9623.7
2010-05-05,9581.85
2010-05-06,9582.0
2010-05-07,9276.1
2010-05-10,9656.25
2010-05-11,9626.1
2010-05-12,9722.2
2010-05-13,9773.35
2010-05-14,9589.05
2010-05-17,9526.5
2010-05-18,9492.25
2010-05-19,9108.35
2010-05-20,9174.6
2010-05-21,9135.7
2010-05-24,9087.25
2010-05-25,8851.75
2010-05-26,9027.6
2010-05-27,9258.45
2010-05-28,9312.6
2010-05-31,9363.7
2010-06-01,9119.05
2010-06-02,9192.45
2010-06-03,9387.7
2010-06-04,9455.95
2010-06-07,9292.6
2010-06-08,9185.3
2010-06-09,9238.2
2010-06-10,9346.45
2010-06-11,9451.75
2010-06-14,9534.1
2010-06-15,9554.4
2010-06-16,9588.9
2010-06-17,9613.4
2010-06-18,9576.25
2010-06-21,9758.05
2010-06-22,9675.5
2010-06-23,9718.95
2010-06-24,9673.6
2010-06-25,9451.1
2010-06-28,9542.2
2010-06-29,9381.4
2010-06-30,9464.6
2010-07-01,9349.4
2010-07-02,9357.15
2010-07-05,9385.35
2010-07-06,9550.9
2010-07-07,9449.25
2010-07-08,9566.6
2010-07-09,9713.7
2010-07-12,9850.6
2010-07-13,9931.6
2010-07-14,9956.65
2010-07-15,9932.1
2010-07-16,10013.45
2010-07-19,10032.5
2010-07-20,9976.0
2010-07-21,9992.15
2010-07-22,10060.25
2010-07-23,10093.9
2010-07-26,10024.0
2010-07-27,10090.65
2010-07-28,10068.15
2010-07-29,10179.7
2010-07-30,10161.0
2010-08-02,10411.5
2010-08-03,10502.65
2010-08-04,10489.3
2010-08-05,10454.9
2010-08-06,10383.65
2010-08-09,10524.1
2010-08-10,10519.95
2010-08-11,10428.65
2010-08-12,10583.65
2010-08-13,10737.35
2010-08-16,10680.55
2010-08-17,10770.25
2010-08-18,10894.05
2010-08-19,11110.5
2010-08-20,11033.75
2010-08-23,11095.5
2010-08-24,11043.0
2010-08-25,10937.85
2010-08-26,10981.7
2010-08-27,10727.45
2010-08-30,10747.25
2010-08-31,10746.35
2010-09-01,10879.75
2010-09-02,10980.6
2010-09-03,10991.2
2010-09-06,11218.8
2010-09-07,11192.95
2010-09-08,11190.05
2010-09-09,11446.7
2010-09-13,11872.85
2010-09-14,11928.35
2010-09-15,11987.6
2010-09-16,12032.05
2010-09-17,12104.1
2010-09-20,12251.2
2010-09-21,12244.95
2010-09-22,12305.7
2010-09-23,12146.3
2010-09-24,12263.55
2010-09-27,12253.2
2010-09-28,12272.4
2010-09-29,12237.55
2010-09-30,12366.35
2010-10-01,12556.75
2010-10-04,12651.3
2010-10-05,12596.5
2010-10-06,12629.2
2010-10-07,12536.6
2010-10-08,12473.4
2010-10-11,12513.0
2010-10-12,12461.8
2010-10-13,12745.0
2010-10-14,12598.85
2010-10-15,12346.45
2010-10-18,12331.3
2010-10-19,12245.65
2010-10-20,12176.5
2010-10-21,12435.8
2010-10-22,12384.8
2010-10-25,12424.7
2010-10-26,12332.65
2010-10-27,12182.65
2010-10-28,12105.3
2010-10-29,12330.75
2010-11-01,12734.9
2010-11-02,12770.9
2010-11-03,12891.8
2010-11-04,13182.9
2010-11-05,13268.7
2010-11-08,13105.1
2010-11-09,13121.35
2010-11-10,13007.1
2010-11-11,12823.6
2010-11-12,12457.3
2010-11-15,12762.15
2010-11-16,12524.45
2010-11-18,12315.15
2010-11-19,12062.95
2010-11-22,12390.1
2010-11-23,12206.45
2010-11-24,11842.55
2010-11-25,11652.4
2010-11-26,11668.85
2010-11-29,11828.35
2010-11-30,11952.6
2010-12-01,12310.75
2010-12-02,12472.6
2010-12-03,12349.2
2010-12-06,12051.2
2010-12-07,11695.3
2010-12-08,11460.2
2010-12-09,11116.05
2010-12-10,11447.0
2010-12-13,11518.1
2010-12-14,11560.5
2010-12-15,11196.3
2010-12-16,11424.15
2010-12-20,11267.1
2010-12-21,11537.25
2010-12-22,11467.7
2010-12-23,11469.05
2010-12-24,11477.05
2010-12-27,11470.95
2010-12-28,11427.3
2010-12-29,11612.9
2010-12-30,11629.3
2010-12-31,11791.45
2011-01-03,11855.75
2011-01-04,11564.05
2011-01-05,11305.45
2011-01-06,11186.8
2011-01-07,11053.35
2011-01-10,10700.65
2011-01-11,10833.55
2011-01-12,11128.15
2011-01-13,10716.65
2011-01-14,10432.9
2011-01-17,10471.1
2011-01-18,10618.5
2011-01-19,10615.15
2011-01-20,10798.35
2011-01-21,10889.4
2011-01-24,11151.15
2011-01-25,10872.95
2011-01-27,10676.15
2011-01-28,10578.25
2011-01-31,10641.85
2011-02-01,10481.2
2011-02-02,10470.15
2011-02-03,10670.6
2011-02-04,10433.85
2011-02-07,10384.05
2011-02-08,10147.75
2011-02-09,10116.65
2011-02-10,10074.1
2011-02-11,10447.75
2011-02-14,10802.55
2011-02-15,10959.7
2011-02-16,10960.7
2011-02-17,11134.7
2011-02-18,10949.7
2011-02-21,11050.1
2011-02-22,10836.8
2011-02-23,10646.45
2011-02-24,10210.75
2011-02-25,10435.85
2011-02-28,10435.35
2011-03-01,10885.4
2011-03-03,10914.5
2011-03-04,10963.4
2011-03-07,10782.25
2011-03-08,10931.55
2011-03-09,10974.8
2011-03-10,10850.25
2011-03-11,10740.95
2011-03-14,10893.25
2011-03-15,10725.8
2011-03-16,10957.6
2011-03-17,10851.95
2011-03-18,10715.9
2011-03-21,10723.6
2011-03-22,10771.3
2011-03-23,10958.1
2011-03-24,11070.35
2011-03-25,11387.3
2011-03-28,11523.4
2011-03-29,11582.5
2011-03-30,11765.2
2011-03-31,11705.45
2011-04-01,11590.95
2011-04-04,11804.3
2011-04-05,11798.9
2011-04-06,11730.05
2011-04-07,11754.4
2011-04-08,11673.25
2011-04-11,11597.8
2011-04-13,11839.5
2011-04-15,11735.65
2011-04-18,11539.75
2011-04-19,11586.75
2011-04-20,11794.55
2011-04-21,11894.75
2011-04-25,11879.0
2011-04-26,11867.7
2011-04-27,11779.85
2011-04-28,11684.8
2011-04-29,11483.75
2011-05-02,11243.8
2011-05-03,10898.3
2011-05-04,10913.35
2011-05-05,10730.1
2011-05-06,11145.1
2011-05-09,11076.5
2011-05-10,11009.4
2011-05-11,11059.05
2011-05-12,10887.45
2011-05-13,11020.95
2011-05-16,10912.35
2011-05-17,10668.85
2011-05-18,10599.05
2011-05-19,10558.35
2011-05-20,10664.1
2011-05-23,10368.25
2011-05-24,10425.55
2011-05-25,10355.8
2011-05-26,10468.3
2011-05-27,10722.65
2011-05-30,10781.45
2011-05-31,11020.85
2011-06-01,11033.4
2011-06-02,10839.25
2011-06-03,10782.0
2011-06-06,10854.65
2011-06-07,10873.45
2011-06-08,10791.45
2011-06-09,10785.4
2011-06-10,10714.25
2011-06-13,10717.5
2011-06-14,10803.95
2011-06-15,10626.65
2011-06-16,10572.15
2011-06-17,10598.25
2011-06-20,10484.3
2011-06-21,10459.15
2011-06-22,10475.2
2011-06-23,10526.45
2011-06-24,10854.5
2011-06-27,11032.5
2011-06-28,11054.05
2011-06-29,11153.35
2011-06-30,11244.65
2011-07-01,11255.0
2011-07-04,11379.8
2011-07-05,11406.1
2011-07-06,11283.05
2011-07-07,11426.1
2011-07-08,11285.15
2011-07-11,11135.5
2011-07-12,11022.55
2011-07-13,11142.25
2011-07-14,11263.8
2011-07-15,11234.55
2011-07-18,11228.85
2011-07-19,11313.85
2011-07-20,11164.7
2011-07-21,11049.8
2011-07-22,11291.95
2011-07-25,11391.8
2011-07-26,11114.55
2011-07-27,11000.15
2011-07-28,10828.5
2011-07-29,10893.65
2011-08-01,10939.0
2011-08-02,10743.3
2011-08-03,10639.55
2011-08-04,10537.05
2011-08-05,10354.5
2011-08-08,10232.3
2011-08-09,10196.55
2011-08-10,10463.2
2011-08-11,10338.8
2011-08-12,10182.7
2011-08-16,10056.4
2011-08-17,9953.2
2011-08-18,9601.5
2011-08-19,9404.85
2011-08-22,9407.35
2011-08-23,9488.7
2011-08-24,9331.85
2011-08-25,9177.25
2011-08-26,8974.55
2011-08-29,9342.45
2011-08-30,9533.4
2011-09-02,9581.35
2011-09-05,9614.05
2011-09-06,9657.6
2011-09-07,9858.9
2011-09-08,9920.05
2011-09-09,9678.7
2011-09-12,9395.25
2011-09-13,9339.7
2011-09-14,9472.45
2011-09-15,9660.35
2011-09-16,9720.25
2011-09-19,9583.55
2011-09-20,9812.7
2011-09-21,9929.0
2011-09-22,9520.6
2011-09-23,9375.7
2011-09-26,9384.5
2011-09-27,9619.95
2011-09-28,9512.15
2011-09-29,9653.4
2011-09-30,9468.3
2011-10-03,9185.9
2011-10-04,8913.35
2011-10-05,8701.3
2011-10-07,9038.25
2011-10-10,9168.9
2011-10-11,9178.65
2011-10-12,9482.3
2011-10-13,9591.25
2011-10-14,9660.4
2011-10-17,9721.3
2011-10-18,9583.9
2011-10-19,9841.35
2011-10-20,9746.4
2011-10-21,9695.35
2011-10-24,9647.85
2011-10-25,9511.6
2011-10-26,9546.6
2011-10-28,9917.05
2011-10-31,9989.65
2011-11-01,9822.25
2011-11-02,9781.05
2011-11-03,9782.5
2011-11-04,9836.35
2011-11-08,9852.55
2011-11-09,9592.65
2011-11-11,9292.55
2011-11-14,9275.0
2011-11-15,9085.7
2011-11-16,9061.55
2011-11-17,8930.9
2011-11-18,8850.25
2011-11-21,8554.15
2011-11-22,8611.7
2011-11-23,8399.3
2011-11-24,8472.5
2011-11-25,8488.6
2011-11-28,8793.15
2011-11-29,8623.9
2011-11-30,8564.1
2011-12-01,8895.3
2011-12-02,9172.75
2011-12-05,9173.75
2011-12-07,9176.25
2011-12-08,8915.7
2011-12-09,8811.1
2011-12-12,8543.4
2011-12-13,8571.95
2011-12-14,8533.0
2011-12-15,8445.1
2011-12-16,8171.9
2011-12-19,7920.75
2011-12-20,7798.55
2011-12-21,8189.15
2011-12-22,8384.65
2011-12-23,8296.45
2011-12-26,8374.55
2011-12-27,8275.5
2011-12-28,8111.4
2011-12-29,8027.4
2011-12-30,7968.65
2012-01-02,7995.05
2012-01-03,8340.3
2012-01-04,8408.4
2012-01-05,8454.9
2012-01-06,8488.25
2012-01-07,8452.8
2012-01-09,8481.35
2012-01-10,8735.05
2012-01-11,8839.7
2012-01-12,8930.25
2012-01-13,8975.05
2012-01-16,8940.25
2012-01-17,9056.7
2012-01-18,9023.4
2012-01-19,9199.4
2012-01-20,9516.85
2012-01-23,9520.3
2012-01-24,9834.0
2012-01-25,9856.6
2012-01-27,9813.65
2012-01-30,9537.1
2012-01-31,9919.45
2012-02-01,9949.1
2012-02-02,9992.05
2012-02-03,10133.65
2012-02-06,10269.25
2012-02-07,10324.6
2012-02-08,10320.1
2012-02-09,10507.6
2012-02-10,10442.65
2012-02-13,10473.6
2012-02-14,10556.65
2012-02-15,10930.7
2012-02-16,10921.9
2012-02-17,11074.9
2012-02-21,11170.4
2012-02-22,10747.15
2012-02-23,10713.35
2012-02-24,10506.8
2012-02-27,10103.95
2012-02-28,10484.0
2012-02-29,10414.2
2012-03-01,10288.9
2012-03-02,10434.3
2012-03-03,10450.25
2012-03-05,10178.85
2012-03-06,10058.15
2012-03-07,10132.85
2012-03-09,10505.65
2012-03-12,10625.65
2012-03-13,10686.2
2012-03-14,10889.7
2012-03-15,10595.0
2012-03-16,10391.35
2012-03-19,10188.85
2012-03-20,10281.6
2012-03-21,10524.45
2012-03-22,10173.55
2012-03-23,10294.55
2012-03-26,10043.5
2012-03-27,10148.85
2012-03-28,9960.4
2012-03-29,9927.65
2012-03-30,10212.75
2012-04-02,10305.35
2012-04-03,10432.6
2012-04-04,10340.1
2012-04-09,10131.6
2012-04-10,10196.05
2012-04-11,10214.25
2012-04-12,10400.7
2012-04-13,10306.25
2012-04-16,10432.7
2012-04-17,10519.55
2012-04-18,10512.45
2012-04-19,10567.9
2012-04-20,10456.5
2012-04-23,10243.15
2012-04-24,10215.15
2012-04-25,10159.85
2012-04-26,10128.0
2012-04-27,10148.7
2012-04-28,10212.65
2012-04-30,10276.8
2012-05-02,10306.6
2012-05-03,10126.55
2012-05-04,9802.35
2012-05-07,9876.35
2012-05-08,9588.75
2012-05-09,9404.8
2012-05-10,9410.9
2012-05-11,9398.1
2012-05-14,9257.65
2012-05-15,9319.7
2012-05-16,9164.25
2012-05-17,9154.2
2012-05-18,9310.25
2012-05-21,9412.0
2012-05-22,9268.8
2012-05-23,9209.9
2012-05-24,9437.6
2012-05-25,9456.3
2012-05-28,9698.3
2012-05-29,9708.1
2012-05-30,9534.05
2012-05-31,9441.0
2012-06-01,9267.6
2012-06-04,9362.3
2012-06-05,9460.15
2012-06-06,9742.8
2012-06-07,9950.9
2012-06-08,9998.85
2012-06-11,9969.2
2012-06-12,10139.2
2012-06-13,10128.15
2012-06-14,9836.95
2012-06-15,10064.8
2012-06-18,9749.9
2012-06-19,9786.45
2012-06-20,9831.8
2012-06-21,10033.65
2012-06-22,10038.35
2012-06-25,9925.75
2012-06-26,9970.1
2012-06-27,10017.8
2012-06-28,10003.85
2012-06-29,10340.65
2012-07-02,10412.2
2012-07-03,10481.3
2012-07-04,10529.45
2012-07-05,10641.9
2012-07-06,10655.35
2012-07-09,10588.05
2012-07-10,10751.55
2012-07-11,10713.3
2012-07-12,10616.3
2012-07-13,10594.45
2012-07-16,10568.2
2012-07-17,10558.05
2012-07-18,10607.1
2012-07-19,10622.05
2012-07-20,10481.6
2012-07-23,10274.6
2012-07-24,10299.0
2012-07-25,10267.85
2012-07-26,10083.8
2012-07-27,10140.55
2012-07-30,10412.15
2012-07-31,10384.1
2012-08-01,10419.9
2012-08-02,10379.6
2012-08-03,10315.6
2012-08-06,10462.4
2012-08-07,10591.95
2012-08-08,10529.25
2012-08-09,10445.9
2012-08-10,10358.95
2012-08-13,10401.3
2012-08-14,10519.15
2012-08-16,10426.75
2012-08-17,10417.9
2012-08-21,10469.5
2012-08-22,10472.2
2012-08-23,10457.7
2012-08-24,10332.85
2012-08-27,10150.4
2012-08-28,10059.4
2012-08-29,10011.9
2012-08-30,10085.2
2012-08-31,9990.5
2012-09-03,9963.0
2012-09-04,10020.65
2012-09-05,9827.9
2012-09-06,9893.15
2012-09-07,10122.0
2012-09-08,10147.05
2012-09-10,10069.85
2012-09-11,10135.9
2012-09-12,10183.45
2012-09-13,10207.8
2012-09-14,10642.9
2012-09-17,10981.65
2012-09-18,11043.5
2012-09-20,10920.8
2012-09-21,11358.5
2012-09-24,11423.5
2012-09-25,11420.75
2012-09-26,11427.25
2012-09-27,11419.45
2012-09-28,11456.8
2012-10-01,11420.45
2012-10-03,11414.95
2012-10-04,11636.05
2012-10-05,11511.4
2012-10-08,11362.2
2012-10-09,11446.1
2012-10-10,11291.5
2012-10-11,11431.3
2012-10-12,11388.45
2012-10-15,11441.8
2012-10-16,11348.0
2012-10-17,11358.25
2012-10-18,11586.35
2012-10-19,11491.2
2012-10-22,11607.4
2012-10-23,11578.15
2012-10-25,11614.5
2012-10-26,11509.15
2012-10-29,11472.15
2012-10-30,11203.0
2012-10-31,11268.8
2012-11-01,11315.05
2012-11-02,11460.45
2012-11-05,11475.15
2012-11-06,11539.05
2012-11-07,11665.5
2012-11-08,11613.55
2012-11-09,11475.6
2012-11-12,11583.85
2012-11-13,11533.9
2012-11-15,11521.4
2012-11-16,11335.5
2012-11-19,11306.95
2012-11-20,11318.3
2012-11-21,11465.35
2012-11-22,11508.35
2012-11-23,11475.8
2012-11-26,11432.45
2012-11-27,11657.4
2012-11-29,11992.8
2012-11-30,12158.9
2012-12-03,12103.9
2012-12-04,12197.15
2012-12-05,12281.6
2012-12-06,12427.55
2012-12-07,12363.7
2012-12-10,12381.65
2012-12-11,12344.6
2012-12-12,12301.7
2012-12-13,12269.15
2012-12-14,12424.7
2012-12-17,12427.45
2012-12-18,12477.15
2012-12-19,12510.25
2012-12-20,12486.5
2012-12-21,12315.05
2012-12-24,12317.7
2012-12-26,12479.45
2012-12-27,12459.7
2012-12-28,12458.15
2012-12-31,12474.25
2013-01-01,12654.15
2013-01-02,12786.85
2013-01-03,12778.15
2013-01-04,12787.35
2013-01-07,12708.7
2013-01-08,12725.5
2013-01-09,12718.0
2013-01-10,12802.25
2013-01-11,12617.85
2013-01-14,12758.75
2013-01-15,12855.4
2013-01-16,12638.5
2013-01-17,12649.6
2013-01-18,12680.0
2013-01-21,12651.35
2013-01-22,12574.35
2013-01-23,12635.2
2013-01-24,12561.4
2013-01-25,12693.25
2013-01-28,12781.35
2013-01-29,12722.8
2013-01-30,12767.5
2013-01-31,12708.6
2013-02-01,12606.25
2013-02-04,12548.35
2013-02-05,12467.75
2013-02-06,12417.7
2013-02-07,12349.3
2013-02-08,12280.15
2013-02-11,12333.0
2013-02-12,12405.25
2013-02-13,12385.1
2013-02-14,12311.3
2013-02-15,12336.55
2013-02-18,12347.2
2013-02-19,12413.65
2013-02-20,12363.7
2013-02-21,12055.5
2013-02-22,12068.95
2013-02-25,12037.3
2013-02-26,11844.85
2013-02-27,11930.5
2013-02-28,11487.35
2013-03-01,11540.05
2013-03-04,11575.6
2013-03-05,11792.05
2013-03-06,11876.2
2013-03-07,11970.25
2013-03-08,12197.25
2013-03-11,12165.4
2013-03-12,12054.5
2013-03-13,11777.5
2013-03-14,12020.75
2013-03-15,11816.55
2013-03-18,11735.5
2013-03-19,11508.05
2013-03-20,11254.85
2013-03-21,11238.35
2013-03-22,11204.05
2013-03-25,11125.65
2013-03-26,11163.45
2013-03-28,11361.85
2013-04-01,11425.55
2013-04-02,11523.4
2013-04-03,11344.1
2013-04-04,11126.25
2013-04-05,11098.95
2013-04-08,11012.65
2013-04-09,10929.15
2013-04-10,11122.25
2013-04-11,11306.5
2013-04-12,11410.1
2013-04-15,11526.25
2013-04-16,11871.6
2013-04-17,11981.05
2013-04-18,12288.25
2013-04-22,12576.2
2013-04-23,12543.4
2013-04-25,12726.85
2013-04-26,12533.15
2013-04-29,12609.15
2013-04-30,12561.55
2013-05-02,12709.95
2013-05-03,12393.6
2013-05-06,12396.4
2013-05-07,12631.5
2013-05-08,12643.05
2013-05-09,12596.3
2013-05-10,12752.3
2013-05-11,12780.15
2013-05-13,12568.85
2013-05-14,12583.6
2013-05-15,13077.9
2013-05-16,13239.45
2013-05-17,13317.1
2013-05-20,13181.5
2013-05-21,13066.5
2013-05-22,13008.25
2013-05-23,12636.5
2013-05-24,12769.35
2013-05-27,12961.55
2013-05-28,12950.0
2013-05-29,12853.2
2013-05-30,12805.9
2013-05-31,12475.65
2013-06-03,12402.1
2013-06-04,12275.1
2013-06-05,12289.35
2013-06-06,12398.4
2013-06-07,12231.5
2013-06-10,12087.05
2013-06-11,11820.5
2013-06-12,11814.85
2013-06-13,11686.75
2013-06-14,11922.85
2013-06-17,11971.05
2013-06-18,11820.95
2013-06-19,11852.65
2013-06-20,11375.4
2013-06-21,11340.15
2013-06-24,11178.3
2013-06-25,11181.05
2013-06-26,11066.55
2013-06-27,11235.75
2013-06-28,11617.25
2013-07-01,11714.9
2013-07-02,11614.25
2013-07-03,11357.8
2013-07-04,11381.2
2013-07-05,11434.3
2013-07-08,11283.3
2013-07-09,11442.45
2013-07-10,11364.45
2013-07-11,11655.3
2013-07-12,11722.8
2013-07-15,11790.25
2013-07-16,11226.15
2013-07-17,10971.6
2013-07-18,11187.7
2013-07-19,10973.9
2013-07-22,11086.95
2013-07-23,11239.7
2013-07-24,10720.15
2013-07-25,10614.0
2013-07-26,10465.25
2013-07-29,10331.0
2013-07-30,10209.55
2013-07-31,10015.75
2013-08-01,10142.95
2013-08-02,9997.8
2013-08-05,10094.9
2013-08-06,9703.1
2013-08-07,9757.25
2013-08-08,9816.4
2013-08-12,9711.4
2013-08-13,9985.65
2013-08-14,10026.4
2013-08-16,9450.85
2013-08-19,9145.0
2013-08-20,9218.95
2013-08-21,9264.4
2013-08-22,9268.9
2013-08-23,9470.1
2013-08-26,9373.55
2013-08-27,8870.5
2013-08-28,8760.85
2013-08-29,8904.6
2013-08-30,9049.2
2013-09-02,9139.5
2013-09-03,8664.2
2013-09-04,8845.75
2013-09-05,9682.4
2013-09-06,9961.4
2013-09-10,10188.25
2013-09-11,10369.1
2013-09-12,10158.55
2013-09-13,10180.45
2013-09-16,10368.4
2013-09-17,10279.6
2013-09-18,10447.85
2013-09-19,11148.65
2013-09-20,10686.8
2013-09-23,10211.7
2013-09-24,10175.9
2013-09-25,10081.7
2013-09-26,10098.25
2013-09-27,9899.75
2013-09-30,9617.8
2013-10-01,9883.3
2013-10-03,10222.95
2013-10-04,10197.15
2013-10-07,10082.1
2013-10-08,10141.45
2013-10-09,10334.95
2013-10-10,10288.95
2013-10-11,10622.15
2013-10-14,10665.25
2013-10-15,10389.25
2013-10-17,10336.55
2013-10-18,10744.9
2013-10-21,10797.55
2013-10-22,10809.1
2013-10-23,10880.65
2013-10-24,10902.45
2013-10-25,10896.5
2013-10-28,10773.2
2013-10-29,11241.65
2013-10-30,11249.35
2013-10-31,11473.15
2013-11-01,11628.65
2013-11-03,11614.05
2013-11-05,11498.9
2013-11-06,11292.55
2013-11-07,11054.9
2013-11-08,10913.15
2013-11-11,10758.45
2013-11-12,10583.05
2013-11-13,10523.35
2013-11-14,10811.2
2013-11-18,11142.3
2013-11-19,11187.85
2013-11-20,10967.15
2013-11-21,10706.9
2013-11-22,10677.35
2013-11-25,11083.4
2013-11-26,10909.35
2013-11-27,10899.3
2013-11-28,10906.75
2013-11-29,11153.95
2013-12-02,11284.35
2013-12-03,11211.3
2013-12-04,11156.75
2013-12-05,11665.1
2013-12-06,11720.2
2013-12-09,12065.9
2013-12-10,11843.45
2013-12-11,11784.35
2013-12-12,11635.5
2013-12-13,11366.9
2013-12-16,11372.95
2013-12-17,11208.65
2013-12-18,11357.9
2013-12-19,11087.45
2013-12-20,11292.35
2013-12-23,11378.5
2013-12-24,11330.65
2013-12-26,11385.75
2013-12-27,11459.7
2013-12-30,11376.0
2013-12-31,11385.25
2014-01-01,11385.6
2014-01-02,11183.2
2014-01-03,11181.65
2014-01-06,11049.05
2014-01-07,11036.75
2014-01-08,11053.7
2014-01-09,10970.45
2014-01-10,10805.3
2014-01-13,11021.6
2014-01-14,10948.9
2014-01-15,11125.4
2014-01-16,11092.55
2014-01-17,10911.35
2014-01-20,11007.5
2014-01-21,11171.5
2014-01-22,11207.35
2014-01-23,11199.0
2014-01-24,10982.4
2014-01-27,10540.4
2014-01-28,10507.6
2014-01-29,10437.75
2014-01-30,10153.15
2014-01-31,10237.75
2014-02-03,10102.1
2014-02-04,10191.2
2014-02-05,10231.65
2014-02-06,10205.2
2014-02-07,10263.2
2014-02-10,10213.9
2014-02-11,10245.45
2014-02-12,10348.8
2014-02-13,10135.7
2014-02-14,10203.75
2014-02-17,10326.55
2014-02-18,10575.2
2014-02-19,10609.6
2014-02-20,10428.3
2014-02-21,10554.35
2014-02-24,10683.5
2014-02-25,10666.75
2014-02-26,10730.4
2014-02-28,10764.7
2014-03-03,10651.95
2014-03-04,10929.05
2014-03-05,11098.8
2014-03-06,11278.35
2014-03-07,11884.75
2014-03-10,12108.1
2014-03-11,12043.15
2014-03-12,12024.1
2014-03-13,12141.45
2014-03-14,12055.85
2014-03-18,12114.85
2014-03-19,12186.55
2014-03-20,12017.25
2014-03-21,12092.35
2014-03-22,12075.8
2014-03-24,12408.15
2014-03-25,12450.0
2014-03-26,12518.35
2014-03-27,12604.95
2014-03-28,12754.7
2014-03-31,12742.05
2014-04-01,12588.5
2014-04-02,12715.3
2014-04-03,12563.85
2014-04-04,12551.7
2014-04-07,12506.45
2014-04-09,12937.4
2014-04-10,12949.4
2014-04-11,12840.2
2014-04-15,12579.9
2014-04-16,12563.15
2014-04-17,12787.25
2014-04-21,12958.5
2014-04-22,12987.1
2014-04-23,13122.1
2014-04-25,13034.5
2014-04-28,13081.55
2014-04-29,12910.55
2014-04-30,12855.85
2014-05-02,12842.0
2014-05-05,12880.65
2014-05-06,12966.05
2014-05-07,12938.2
2014-05-08,13037.4
2014-05-09,13750.5
2014-05-12,14085.05
2014-05-13,14165.55
2014-05-14,14207.1
2014-05-15,14236.55
2014-05-16,14853.0
2014-05-19,15222.15
2014-05-20,15111.2
2014-05-21,14952.1
2014-05-22,15055.55
2014-05-23,15285.5
2014-05-26,15175.9
2014-05-27,15084.0
2014-05-28,15173.35
2014-05-29,15030.3
2014-05-30,14793.4
2014-06-02,15287.25
2014-06-03,15257.5
2014-06-04,15333.4
2014-06-05,15282.15
2014-06-06,15543.15
2014-06-09,15567.4
2014-06-10,15427.8
2014-06-11,15450.55
2014-06-12,15464.85
2014-06-13,15106.9
2014-06-16,15030.0
2014-06-17,15373.2
2014-06-18,15220.4
2014-06-19,15067.4
2014-06-20,14997.65
2014-06-23,15076.35
2014-06-24,15309.5
2014-06-25,15237.85
2014-06-26,15050.0
2014-06-27,14992.35
2014-06-30,15241.9
2014-07-01,15321.35
2014-07-02,15490.35
2014-07-03,15451.65
2014-07-04,15556.15
2014-07-07,15367.6
2014-07-08,14997.5
2014-07-09,14931.1
2014-07-10,14821.7
2014-07-11,14447.2
2014-07-14,14489.75
2014-07-15,14891.9
2014-07-16,15265.45
2014-07-17,15269.05
2014-07-18,15389.35
2014-07-21,15385.95
2014-07-22,15427.35
2014-07-23,15463.0
2014-07-24,15534.35
2014-07-25,15322.25
2014-07-28,15212.15
2014-07-30,15452.4
2014-07-31,15267.6
2014-08-01,15127.8
2014-08-04,15242.35
2014-08-05,15293.25
2014-08-06,15008.65
2014-08-07,14986.85
2014-08-08,14765.75
2014-08-11,14846.8
2014-08-12,15056.7
2014-08-13,14910.9
2014-08-14,15089.65
2014-08-18,15439.75
2014-08-19,15524.65
2014-08-20,15481.7
2014-08-21,15662.2
2014-08-22,15819.15
2014-08-25,15669.0
2014-08-26,15624.1
2014-08-27,15717.65
2014-08-28,15740.4
2014-09-01,16012.8
2014-09-02,16130.55
2014-09-03,16110.0
2014-09-04,16033.55
2014-09-05,15982.5
2014-09-08,16206.7
2014-09-09,16156.75
2014-09-10,16151.75
2014-09-11,16204.15
2014-09-12,16254.15
2014-09-15,16167.55
2014-09-16,15844.1
2014-09-17,15838.6
2014-09-18,16156.85
2014-09-19,16152.15
2014-09-22,16194.55
2014-09-23,15902.85
2014-09-24,15740.3
2014-09-25,15299.05
2014-09-26,15607.25
2014-09-29,15473.55
2014-09-30,15392.25
2014-10-01,15316.2
2014-10-07,15180.25
2014-10-08,15344.0
2014-10-09,15741.2
2014-10-10,15453.8
2014-10-13,15677.5
2014-10-14,15751.55
2014-10-16,15541.6
2014-10-17,15929.8
2014-10-20,16216.6
2014-10-21,16427.25
2014-10-22,16444.7
2014-10-23,16470.05
2014-10-27,16556.6
2014-10-28,16667.0
2014-10-29,16634.05
2014-10-30,16760.05
2014-10-31,17045.05
2014-11-03,17134.1
2014-11-05,17352.95
2014-11-07,17347.05
2014-11-10,17262.4
2014-11-11,17390.2
2014-11-12,17587.05
2014-11-13,17453.0
2014-11-14,17576.8
2014-11-17,17640.4
2014-11-18,17702.55
2014-11-19,17585.65
2014-11-20,17645.05
2014-11-21,18056.3
2014-11-24,18281.95
2014-11-25,18037.05
2014-11-26,17975.95
2014-11-27,18022.5
2014-11-28,18513.15
2014-12-01,18525.3
2014-12-02,18555.85
2014-12-03,18645.85
2014-12-04,18782.85
2014-12-05,18756.75
2014-12-08,18510.05
2014-12-09,18290.65
2014-12-10,18462.95
2014-12-11,18405.0
2014-12-12,18299.75
2014-12-15,18372.65
2014-12-16,17830.55
2014-12-17,17865.75
2014-12-18,18326.6
2014-12-19,18478.9
2014-12-22,18747.35
2014-12-23,18603.75
2014-12-24,18535.35
2014-12-26,18557.2
2014-12-29,18528.35
2014-12-30,18647.55
2014-12-31,18736.65
2015-01-01,18750.45
2015-01-02,19057.8
2015-01-05,19017.4
2015-01-06,18430.75
2015-01-07,18304.25
2015-01-08,18701.4
2015-01-09,18637.25
2015-01-12,18795.85
2015-01-13,18707.2
2015-01-14,18603.8
2015-01-15,19235.65
2015-01-16,19223.15
2015-01-19,19406.05
2015-01-20,19767.05
2015-01-21,19843.25
2015-01-22,19917.65
2015-01-23,20072.7
2015-01-27,20555.25
2015-01-28,20491.75
2015-01-29,20528.6
2015-01-30,19843.75
2015-02-02,19865.9
2015-02-03,19382.95
2015-02-04,19174.0
2015-02-05,19051.9
2015-02-06,18786.7
2015-02-09,18403.85
2015-02-10,18752.5
2015-02-11,18940.8
2015-02-12,19128.6
2015-02-13,19369.7
2015-02-16,19189.95
2015-02-18,19296.5
2015-02-19,19188.3
2015-02-20,19073.55
2015-02-23,18913.4
2015-02-24,18883.8
2015-02-25,18733.05
2015-02-26,18538.1
2015-02-27,19074.55
2015-02-28,19691.2
2015-03-02,20008.1
2015-03-03,19961.2
2015-03-04,19643.9
2015-03-05,19748.0
2015-03-09,19145.55
2015-03-10,19054.4
2015-03-11,19044.0
2015-03-12,19141.85
2015-03-13,18779.8
2015-03-16,18837.35
2015-03-17,19058.25
2015-03-18,19147.25
2015-03-19,18811.15
2015-03-20,18606.35
2015-03-23,18449.0
2015-03-24,18331.45
2015-03-25,18310.1
2015-03-26,17831.65
2015-03-27,18044.8
2015-03-30,18361.8
2015-03-31,18206.65
2015-04-01,18617.85
2015-04-06,18605.45
2015-04-07,18469.3
2015-04-08,18416.6
2015-04-09,18875.85
2015-04-10,18800.85
2015-04-13,18798.25
2015-04-15,18716.3
2015-04-16,18637.05
2015-04-17,18345.55
2015-04-20,18112.75
2015-04-21,18105.75
2015-04-22,18243.7
2015-04-23,18245.6
2015-04-24,18001.9
2015-04-27,17767.6
2015-04-28,18246.25
2015-04-29,18302.65
2015-04-30,18338.1
2015-05-04,18501.3
2015-05-05,18471.45
2015-05-06,17799.55
2015-05-07,17376.9
2015-05-08,17796.6
2015-05-11,18199.75
2015-05-12,17628.65
2015-05-13,18097.45
2015-05-14,18116.2
2015-05-15,18183.15
2015-05-18,18422.95
2015-05-19,18380.4
2015-05-20,18555.15
2015-05-21,18513.15
2015-05-22,18433.3
2015-05-25,18324.85
2015-05-26,18329.3
2015-05-27,18538.85
2015-05-28,18449.2
2015-05-29,18721.35
2015-06-01,18617.0
2015-06-02,17977.3
2015-06-03,17721.4
2015-06-04,17719.2
2015-06-05,17549.25
2015-06-08,17432.6
2015-06-09,17489.9
2015-06-10,17707.25
2015-06-11,17304.4
2015-06-12,17523.55
2015-06-15,17458.7
2015-06-16,17602.45
2015-06-17,17584.05
2015-06-18,17733.55
2015-06-19,17880.85
2015-06-22,18334.5
2015-06-23,18391.35
2015-06-24,18365.55
2015-06-25,18492.9
2015-06-26,18371.5
2015-06-29,18241.25
2015-06-30,18296.1
2015-07-01,18581.6
2015-07-02,18585.55
2015-07-03,18729.65
2015-07-06,18825.15
2015-07-07,18798.5
2015-07-08,18463.15
2015-07-09,18508.7
2015-07-10,18719.8
2015-07-13,18893.55
2015-07-14,18780.2
2015-07-15,18816.25
2015-07-16,19168.05
2015-07-17,19094.7
2015-07-20,19032.7
2015-07-21,18723.4
2015-07-22,18997.0
2015-07-23,18865.0
2015-07-24,18635.85
2015-07-27,18213.05
2015-07-28,18282.8
2015-07-29,18323.4
2015-07-30,18440.4
2015-07-31,18729.85
2015-08-03,18914.7
2015-08-04,18972.6
2015-08-05,18928.55
2015-08-06,19029.35
2015-08-07,18893.55
2015-08-10,18875.0
2015-08-11,18616.9
2015-08-12,18059.75
2015-08-13,18175.4
2015-08-14,18723.6
2015-08-17,18822.05
2015-08-18,18780.85
2015-08-19,18703.25
2015-08-20,18283.1
2015-08-21,18057.2
2015-08-24,16811.8
2015-08-25,17192.75
2015-08-26,16917.65
2015-08-27,17214.4
2015-08-28,17211.95
2015-08-31,17146.55
2015-09-01,16530.3
2015-09-02,16252.7
2015-09-03,16555.4
2015-09-04,16129.1
2015-09-07,15790.1
2015-09-08,16350.95
2015-09-09,16631.5
2015-09-10,16597.65
2015-09-11,16612.6
2015-09-14,16911.8
2015-09-15,16739.55
2015-09-16,16964.85
2015-09-18,17409.15
2015-09-21,17542.9
2015-09-22,17031.15
2015-09-23,17255.3
2015-09-24,17196.65
2015-09-28,17100.3
2015-09-29,17281.2
2015-09-30,17216.3
2015-10-01,17150.2
2015-10-05,17674.05
2015-10-06,17605.35
2015-10-07,17616.8
2015-10-08,17474.3
2015-10-09,17590.25
2015-10-12,17583.15
2015-10-13,17554.85
2015-10-14,17543.25
2015-10-15,17686.1
2015-10-16,17912.85
2015-10-19,17855.05
2015-10-20,17830.25
2015-10-21,17710.55
2015-10-23,17934.05
2015-10-26,17815.05
2015-10-27,17806.3
2015-10-28,17373.15
2015-10-29,17212.2
2015-10-30,17354.5
2015-11-02,17340.6
2015-11-03,17325.6
2015-11-04,17221.05
2015-11-05,16995.1
2015-11-06,17086.5
2015-11-09,17003.0
2015-11-10,16836.0
2015-11-11,16956.0
2015-11-13,16932.85
2015-11-16,17184.9
2015-11-17,17140.45
2015-11-18,16812.1
2015-11-19,17071.9
2015-11-20,17055.6
2015-11-23,17060.25
2015-11-24,16988.65
2015-11-26,17036.55
2015-11-27,17370.95
2015-11-30,17430.4
2015-12-01,17398.55
2015-12-02,17218.5
2015-12-03,17110.1
2015-12-04,16897.3
2015-12-07,16947.0
2015-12-08,16801.15
2015-12-09,16660.75
2015-12-10,16711.05
2015-12-11,16342.5
2015-12-14,16350.65
2015-12-15,16398.65
2015-12-16,16579.4
2015-12-17,16741.5
2015-12-18,16594.3
2015-12-21,16825.15
2015-12-22,16749.2
2015-12-23,16882.5
2015-12-24,16811.0
2015-12-28,16979.15
2015-12-29,16991.45
2015-12-30,16917.9
2015-12-31,16922.2
2016-01-01,17039.25
2016-01-04,16599.15
2016-01-05,16542.5
2016-01-06,16433.15
2016-01-07,16073.85
2016-01-08,16142.65
2016-01-11,16016.25
2016-01-12,15734.8
2016-01-13,15871.85
2016-01-14,15609.8
2016-01-15,15206.3
2016-01-18,15020.8
2016-01-19,15269.65
2016-01-20,14935.5
2016-01-21,15101.2
2016-01-22,15497.55
2016-01-25,15561.15
2016-01-27,15534.6
2016-01-28,15381.45
2016-01-29,15522.4
2016-02-01,15314.45
2016-02-02,15068.0
2016-02-03,14834.05
2016-02-04,14869.15
2016-02-05,15162.05
2016-02-08,15046.8
2016-02-09,14875.1
2016-02-10,14588.45
2016-02-11,14028.55
2016-02-12,13971.5
2016-02-15,14445.0
2016-02-16,14166.45
2016-02-17,14119.85
2016-02-18,14298.15
2016-02-19,14344.2
2016-02-22,14384.8
2016-02-23,14008.35
2016-02-24,13794.05
2016-02-25,13555.7
2016-02-26,13791.45
2016-02-29,13946.4
2016-03-01,14412.9
2016-03-02,15092.45
2016-03-03,15177.75
2016-03-04,15339.2
2016-03-08,15146.5
2016-03-09,15279.05
2016-03-10,15180.65
2016-03-11,15168.2
2016-03-14,15277.8
2016-03-15,15326.8
2016-03-16,15461.7
2016-03-17,15444.0
2016-03-18,15654.85
2016-03-21,15926.1
2016-03-22,15936.0
2016-03-23,15887.75
2016-03-28,15604.9
2016-03-29,15666.25
2016-03-30,16134.85
2016-03-31,16141.65
2016-04-01,16174.9
2016-04-04,16190.6
2016-04-05,15695.0
2016-04-06,15636.95
2016-04-07,15530.75
2016-04-08,15568.35
2016-04-11,15818.5
2016-04-12,15880.2
2016-04-13,16278.55
2016-04-18,16222.7
2016-04-20,16349.7
2016-04-21,16637.15
2016-04-22,16703.4
2016-04-25,16678.65
2016-04-26,17002.55
2016-04-27,16872.95
2016-04-28,16716.9
2016-04-29,16795.0
2016-05-02,16543.0
2016-05-03,16388.7
2016-05-04,16274.25
2016-05-05,16281.0
2016-05-06,16296.6
2016-05-09,16686.1
2016-05-10,16784.95
2016-05-11,16754.45
2016-05-12,16923.7
2016-05-13,16716.9
2016-05-16,16737.55
2016-05-17,16762.75
2016-05-18,16728.95
2016-05-19,16565.25
2016-05-20,16481.45
2016-05-23,16407.55
2016-05-24,16456.65
2016-05-25,16997.45
2016-05-26,17359.3
2016-05-27,17511.8
2016-05-30,17520.65
2016-05-31,17620.9
2016-06-01,17423.45
2016-06-02,17567.8
2016-06-03,17680.8
2016-06-06,17671.4
2016-06-07,17948.15
2016-06-08,17946.8
2016-06-09,17887.7
2016-06-10,17828.6
2016-06-13,17593.95
2016-06-14,17672.4
2016-06-15,17917.9
2016-06-16,17671.3
2016-06-17,17696.05
2016-06-20,17718.6
2016-06-21,17619.1
2016-06-22,17626.05
2016-06-23,17892.45
2016-06-24,17426.05
2016-06-27,17514.95
2016-06-28,17561.55
2016-06-29,17689.9
2016-06-30,17935.4
2016-07-01,17985.65
2016-07-04,18097.65
2016-07-05,18004.25
2016-07-07,18084.9
2016-07-08,18016.25
2016-07-11,18390.95
2016-07-12,18667.6
2016-07-13,18618.95
2016-07-14,18863.75
2016-07-15,18953.65
2016-07-18,18923.4
2016-07-19,18905.15
2016-07-20,18968.2
2016-07-21,18674.3
2016-07-22,18690.4
2016-07-25,18989.6
2016-07-26,18860.85
2016-07-27,19021.95
2016-07-28,19076.55
2016-07-29,18953.15
2016-08-01,18740.6
2016-08-02,18708.25
2016-08-03,18602.0
2016-08-04,18571.7
2016-08-05,18925.95
2016-08-08,18939.45
2016-08-09,18933.3
2016-08-10,18647.8
2016-08-11,18640.4
2016-08-12,18963.7
2016-08-16,19002.15
2016-08-17,19041.25
2016-08-18,19352.8
2016-08-19,19414.7
2016-08-22,19330.25
2016-08-23,19341.65
2016-08-24,19355.6
2016-08-25,19304.25
2016-08-26,19195.75
2016-08-29,19217.0
2016-08-30,19531.55
2016-08-31,19787.6
2016-09-01,19788.85
2016-09-02,19883.2
2016-09-06,20426.2
2016-09-07,20406.9
2016-09-08,20417.25
2016-09-09,20245.3
2016-09-12,19790.6
2016-09-14,19909.15
2016-09-15,19837.55
2016-09-16,19855.45
2016-09-19,19906.85
2016-09-20,19852.3
2016-09-21,19828.45
2016-09-22,20109.6
2016-09-23,19901.8
2016-09-26,19591.75
2016-09-27,19518.7
2016-09-28,19653.55
2016-09-29,19183.65
2016-09-30,19285.7
2016-10-03,19589.05
2016-10-04,19672.7
2016-10-05,19536.85
2016-10-06,19395.05
2016-10-07,19400.1
2016-10-10,19378.55
2016-10-13,18954.25
2016-10-14,19020.15
2016-10-17,19070.4
2016-10-18,19495.05
2016-10-19,19412.1
2016-10-20,19658.7
2016-10-21,19710.9
2016-10-24,19807.9
2016-10-25,19834.9
2016-10-26,19483.6
2016-10-27,19514.6
2016-10-28,19555.95
2016-10-30,19523.55
2016-11-01,19458.6
2016-11-02,19227.9
2016-11-03,19178.7
2016-11-04,19058.1
2016-11-07,19356.0
2016-11-08,19500.8
2016-11-09,19518.25
2016-11-10,20200.25
2016-11-11,19738.8
2016-11-15,19289.75
2016-11-16,19108.1
2016-11-17,19087.85
2016-11-18,18959.05
2016-11-21,18446.4
2016-11-22,18548.65
2016-11-23,18540.9
2016-11-24,18256.1
2016-11-25,18507.3
2016-11-28,18301.45
2016-11-29,18223.75
2016-11-30,18627.8
2016-12-01,18428.45
2016-12-02,18247.65
2016-12-05,18408.9
2016-12-06,18420.9
2016-12-07,18234.15
2016-12-08,18515.45
2016-12-09,18695.8
2016-12-12,18392.95
2016-12-13,18466.05
2016-12-14,18341.5
2016-12-15,18401.15
2016-12-16,18312.8
2016-12-19,18257.05
2016-12-20,18069.4
2016-12-21,18084.5
2016-12-22,17891.45
2016-12-23,17884.0
2016-12-26,17655.55
2016-12-27,17879.55
2016-12-28,17876.7
2016-12-29,18033.15
2016-12-30,18177.2
2017-01-02,17969.6
2017-01-03,18035.6
2017-01-04,17891.0
2017-01-05,18115.95
2017-01-06,18264.0
2017-01-09,18286.65
2017-01-10,18409.6
2017-01-11,18830.0
2017-01-12,18873.95
2017-01-13,18912.1
2017-01-16,19096.45
2017-01-17,19067.05
2017-01-18,19164.5
2017-01-19,19124.25
2017-01-20,18820.8
2017-01-23,18842.7
2017-01-24,19023.5
2017-01-25,19473.2
2017-01-27,19708.3
2017-01-30,19585.25
2017-01-31,19515.15
2017-02-01,20020.6
2017-02-02,20070.3
2017-02-03,20196.8
2017-02-06,20371.6
2017-02-07,20327.25
2017-02-08,20245.4
2017-02-09,20151.15
2017-02-10,20213.9
2017-02-13,20251.8
2017-02-14,20258.1
2017-02-15,20163.7
2017-02-16,20243.7
2017-02-17,20551.35
2017-02-20,20677.1
2017-02-21,20860.95
2017-02-22,20868.45
2017-02-23,20876.65
2017-02-27,20613.05
2017-02-28,20607.25
2017-03-01,20783.75
2017-03-02,20560.05
2017-03-03,20495.6
2017-03-06,20663.65
2017-03-07,20627.5
2017-03-08,20676.55
2017-03-09,20721.35
2017-03-10,20727.55
2017-03-14,21102.7
2017-03-15,21157.9
2017-03-16,21249.9
2017-03-17,21175.05
2017-03-20,21110.25
2017-03-21,21019.0
2017-03-22,20781.35
2017-03-23,20895.5
2017-03-24,21122.55
2017-03-27,21056.9
2017-03-28,21225.4
2017-03-29,21391.15
2017-03-30,21620.7
2017-03-31,21444.15
2017-04-03,21547.75
2017-04-05,21652.7
2017-04-06,21622.95
2017-04-07,21431.15
2017-04-10,21520.15
2017-04-11,21736.15
2017-04-12,21666.8
2017-04-13,21686.6
2017-04-17,21647.6
2017-04-18,21671.85
2017-04-19,21556.35
2017-04-20,21491.4
2017-04-21,21551.45
2017-04-24,21857.4
2017-04-25,22054.7
2017-04-26,22242.85
2017-04-27,22326.3
2017-04-28,22358.25
2017-05-02,22341.35
2017-05-03,22307.3
2017-05-04,22720.1
2017-05-05,22604.95
2017-05-08,22767.35
2017-05-09,22707.3
2017-05-10,22830.35
2017-05-11,22818.45
2017-05-12,22671.7
2017-05-15,22821.5
2017-05-16,22928.6
2017-05-17,22935.95
2017-05-18,22698.6
2017-05-19,22769.8
2017-05-22,22652.85
2017-05-23,22582.8
2017-05-24,22536.3
2017-05-25,23190.8
2017-05-26,23362.2
2017-05-29,23182.75
2017-05-30,23307.25
2017-05-31,23424.8
2017-06-01,23310.15
2017-06-02,23375.9
2017-06-05,23459.65
2017-06-06,23416.3
2017-06-07,23567.65
2017-06-08,23536.1
2017-06-09,23690.9
2017-06-12,23470.45
2017-06-13,23477.85
2017-06-14,23498.7
2017-06-15,23391.75
2017-06-16,23502.75
2017-06-19,23742.15
2017-06-20,23697.95
2017-06-21,23708.75
2017-06-22,23736.1
2017-06-23,23542.75
2017-06-27,23216.25
2017-06-28,23235.85
2017-06-29,23227.3
2017-06-30,23211.2
2017-07-03,23272.8
2017-07-04,23214.2
2017-07-05,23352.6
2017-07-06,23466.65
2017-07-07,23449.15
2017-07-10,23675.05
2017-07-11,23584.6
2017-07-12,23695.45
2017-07-13,23888.65
2017-07-14,23937.7
2017-07-17,24015.05
2017-07-18,24022.05
2017-07-19,24152.65
2017-07-20,24213.35
2017-07-21,24257.05
2017-07-24,24420.85
2017-07-25,24520.7
2017-07-26,24670.7
2017-07-27,24922.4
2017-07-28,24811.3
2017-07-31,25103.65
2017-08-01,25122.8
2017-08-02,25055.2
2017-08-03,24675.05
2017-08-04,24827.45
2017-08-07,24906.35
2017-08-08,24599.5
2017-08-09,24374.6
2017-08-10,24217.35
2017-08-11,23985.75
2017-08-14,24115.75
2017-08-16,24437.7
2017-08-17,24237.25
2017-08-18,24074.45
2017-08-21,23936.5
2017-08-22,23974.45
2017-08-23,24316.8
2017-08-24,24274.2
2017-08-28,24377.1
2017-08-29,24128.95
2017-08-30,24308.7
2017-08-31,24318.4
2017-09-01,24434.0
2017-09-04,24236.85
2017-09-05,24328.3
2017-09-06,24279.15
2017-09-07,24304.9
2017-09-08,24370.8
2017-09-11,24672.25
2017-09-12,24784.7
2017-09-13,24831.8
2017-09-14,24912.25
2017-09-15,24844.3
2017-09-18,25046.9
2017-09-19,25041.55
2017-09-20,24965.05
2017-09-21,24799.25
2017-09-22,24368.85
2017-09-25,24165.05
2017-09-26,24199.15
2017-09-27,23812.95
2017-09-28,24008.15
2017-09-29,24053.0
2017-10-03,24103.4
2017-10-04,24113.3
2017-10-05,24058.05
2017-10-06,24190.0
2017-10-09,24251.9
2017-10-10,24347.45
2017-10-11,24107.45
2017-10-12,24361.25
2017-10-13,24689.15
2017-10-16,24703.05
2017-10-17,24645.6
2017-10-18,24313.75
2017-10-19,24009.75
2017-10-23,24088.9
2017-10-24,24222.15
2017-10-25,25035.9
2017-10-26,25022.2
2017-10-27,24839.55
2017-10-30,24988.55
2017-10-31,25019.35
2017-11-01,25490.45
2017-11-02,25427.3
2017-11-03,25650.7
2017-11-06,25571.15
2017-11-07,25300.8
2017-11-08,25184.35
2017-11-09,25291.35
2017-11-10,25498.95
2017-11-13,25358.3
2017-11-14,25284.6
2017-11-15,25218.9
2017-11-16,25446.6
2017-11-17,25728.4
2017-11-20,25768.6
2017-11-21,25757.5
2017-11-22,25766.65
2017-11-23,25736.25
2017-11-24,25779.65
2017-11-27,25891.95
2017-11-28,25846.4
2017-11-29,25795.7
2017-11-30,25332.4
2017-12-01,25191.95
2017-12-04,25075.1
2017-12-05,25124.85
2017-12-06,24851.8
2017-12-07,25057.25
2017-12-08,25321.15
2017-12-11,25404.85
2017-12-12,25125.45
2017-12-13,25000.35
2017-12-14,25168.2
2017-12-15,25440.3
2017-12-18,25594.55
2017-12-19,25716.2
2017-12-20,25591.7
2017-12-21,25554.3
2017-12-22,25648.55
2017-12-26,25675.25
2017-12-27,25496.05
2017-12-28,25490.0
2017-12-29,25539.45
2018-01-01,25318.1
2018-01-02,25338.25
2018-01-03,25318.6
2018-01-04,25462.6
2018-01-05,25601.85
2018-01-08,25676.1
2018-01-09,25703.8
2018-01-10,25617.3
2018-01-11,25660.9
2018-01-12,25749.05
2018-01-15,26069.2
2018-01-16,25974.9
2018-01-17,26289.1
2018-01-18,26537.4
2018-01-19,26909.5
2018-01-22,27041.2
2018-01-23,27390.6
2018-01-24,27398.55
2018-01-25,27445.65
2018-01-29,27498.45
2018-01-30,27269.05
2018-01-31,27379.45
2018-02-01,27220.7
2018-02-02,26451.15
2018-02-05,26098.75
2018-02-06,25811.3
2018-02-07,25670.0
2018-02-08,25920.65
2018-02-09,25463.65
2018-02-12,25701.6
2018-02-14,25341.25
2018-02-15,25424.35
2018-02-16,25163.9
2018-02-19,25058.55
2018-02-20,24874.4
2018-02-21,24936.7
2018-02-22,24955.2
2018-02-23,25302.5
2018-02-26,25687.9
2018-02-27,25383.6
2018-02-28,25107.4
2018-03-01,24902.55
2018-03-05,24818.7
2018-03-06,24448.45
2018-03-07,24134.1
2018-03-08,24477.65
2018-03-09,24296.45
2018-03-12,24664.2
2018-03-13,24738.65
2018-03-14,24851.65
2018-03-15,24791.85
2018-03-16,24489.55
2018-03-19,24245.1
2018-03-20,24168.2
2018-03-21,24255.6
2018-03-22,24141.5
2018-03-23,23670.4
2018-03-26,24244.35
2018-03-27,24434.15
2018-03-28,24263.35
2018-04-02,24328.5
2018-04-03,24510.6
2018-04-04,24129.5
2018-04-05,24759.8
2018-04-06,24873.15
2018-04-09,25093.8
2018-04-10,25226.8
2018-04-11,25098.25
2018-04-12,25195.1
2018-04-13,25200.6
2018-04-16,25320.85
2018-04-17,25334.45
2018-04-18,25102.3
2018-04-19,25126.15
2018-04-20,24943.85
2018-04-23,24960.65
2018-04-24,25042.1
2018-04-25,24814.4
2018-04-26,25010.9
2018-04-27,25394.6
2018-04-30,25531.6
2018-05-02,25568.3
2018-05-03,25605.25
2018-05-04,25645.4
2018-05-07,25852.05
2018-05-08,26090.5
2018-05-09,26154.45
2018-05-10,26131.0
2018-05-11,26413.15
2018-05-14,26475.15
2018-05-15,26474.0
2018-05-16,26182.15
2018-05-17,26073.8
2018-05-18,25875.6
2018-05-21,25750.8
2018-05-22,25777.7
2018-05-23,25684.95
2018-05-24,26016.8
2018-05-25,26273.55
2018-05-28,26614.25
2018-05-29,26254.8
2018-05-30,26327.8
2018-05-31,26956.2
2018-06-01,26692.8
2018-06-04,26257.55
2018-06-05,26251.0
2018-06-06,26367.6
2018-06-07,26517.8
2018-06-08,26451.35
2018-06-11,26453.55
2018-06-12,26607.1
2018-06-13,26642.8
2018-06-14,26562.25
2018-06-15,26417.4
2018-06-18,26409.3
2018-06-19,26265.75
2018-06-20,26557.7
2018-06-21,26496.95
2018-06-22,26766.85
2018-06-25,26609.7
2018-06-26,26601.7
2018-06-27,26423.4
2018-06-28,26324.6
2018-06-29,26364.2
2018-07-02,26230.3
2018-07-03,26204.1
2018-07-04,26433.95
2018-07-05,26503.3
2018-07-06,26493.85
2018-07-09,26753.3
2018-07-10,26894.55
2018-07-11,26816.2
2018-07-12,27026.55
2018-07-13,26935.95
2018-07-16,26679.8
2018-07-17,27008.1
2018-07-18,26880.9
2018-07-19,26789.65
2018-07-20,26873.2
2018-07-23,27008.15
2018-07-24,26974.4
2018-07-25,27031.3
2018-07-26,27406.4
2018-07-27,27634.4
2018-07-30,27842.6
2018-07-31,27764.15
2018-08-01,27596.6
2018-08-02,27355.95
2018-08-03,27695.5
2018-08-06,27898.5
2018-08-07,27875.9
2018-08-08,28062.45
2018-08-09,28320.0
2018-08-10,28124.25
2018-08-13,27794.4
2018-08-14,28021.7
2018-08-16,27826.55
2018-08-17,28128.55
2018-08-20,28274.25
2018-08-21,28257.9
2018-08-23,28027.9
2018-08-24,27834.7
2018-08-27,28264.2
2018-08-28,28269.65
2018-08-29,28224.1
2018-08-30,28103.25
2018-08-31,28061.75
2018-09-03,27819.5
2018-09-04,27430.75
2018-09-05,27376.05
2018-09-06,27468.7
2018-09-07,27481.45
2018-09-10,27201.75
2018-09-11,26807.5
2018-09-12,26819.2
2018-09-14,27163.85
2018-09-17,26820.3
2018-09-18,26441.45
2018-09-19,26277.35
2018-09-21,25596.9
2018-09-24,24970.35
2018-09-25,25330.35
2018-09-26,25376.3
2018-09-27,25042.15
2018-09-28,25119.85
2018-10-01,25367.0
2018-10-03,25069.9
2018-10-04,24819.3
2018-10-05,24443.45
2018-10-08,24618.35
2018-10-09,24527.65
2018-10-10,25321.7
2018-10-11,24783.95
2018-10-12,25395.85
2018-10-15,25388.05
2018-10-16,25589.65
2018-10-17,25188.6
2018-10-19,25085.8
2018-10-22,25078.6
2018-10-23,24972.45
2018-10-24,25064.2
2018-10-25,24817.45
2018-10-26,24421.05
2018-10-29,24959.7
2018-10-30,24807.75
2018-10-31,25153.25
2018-11-01,25323.65
2018-11-02,25701.65
2018-11-05,25732.2
2018-11-06,25598.0
2018-11-07,25737.5
2018-11-09,25771.0
2018-11-12,25539.75
2018-11-13,25768.6
2018-11-14,25930.15
2018-11-15,26154.75
2018-11-16,26245.55
2018-11-19,26300.7
2018-11-20,26113.35
2018-11-21,26262.05
2018-11-22,25999.45
2018-11-26,26365.6
2018-11-27,26443.1
2018-11-28,26457.95
2018-11-29,26939.6
2018-11-30,26862.95
2018-12-03,26857.55
2018-12-04,26693.8
2018-12-05,26519.6
2018-12-06,26198.3
2018-12-07,26594.3
2018-12-10,26102.65
2018-12-11,26163.4
2018-12-12,26643.85
2018-12-13,26816.35
2018-12-14,26826.0
2018-12-17,27015.8
2018-12-18,27174.7
2018-12-19,27298.4
2018-12-20,27275.1
2018-12-21,26869.65
2018-12-24,26714.75
2018-12-26,26986.8
2018-12-27,26878.55
2018-12-28,27125.25
2018-12-31,27160.2
2019-01-01,27392.4
2019-01-02,27174.7
2019-01-03,26959.85
2019-01-04,27195.0
2019-01-07,27304.55
2019-01-08,27509.5
2019-01-09,27720.4
2019-01-10,27528.55
2019-01-11,27453.9
2019-01-14,27248.25
2019-01-15,27400.75
2019-01-16,27483.7
2019-01-17,27528.75
2019-01-18,27456.7
2019-01-21,27533.6
2019-01-22,27482.25
2019-01-23,27250.75
2019-01-24,27266.4
2019-01-25,27115.3
2019-01-28,26653.05
2019-01-29,26573.4
2019-01-30,26825.5
2019-01-31,27295.45
2019-02-01,27085.95
2019-02-04,27186.6
2019-02-05,27271.7
2019-02-06,27402.35
2019-02-07,27387.15
2019-02-08,27294.4
2019-02-11,27227.8
2019-02-12,27010.75
2019-02-13,26885.4
2019-02-14,26970.6
2019-02-15,26794.25
2019-02-18,26654.25
2019-02-19,26684.85
2019-02-20,26955.5
2019-02-21,27052.4
2019-02-22,26867.55
2019-02-25,27159.25
2019-02-26,26952.95
2019-02-27,26799.3
2019-02-28,26789.9
2019-03-01,27043.9
2019-03-05,27554.05
2019-03-06,27625.65
2019-03-07,27764.6
2019-03-08,27761.8
2019-03-11,27966.65
2019-03-12,28443.7
2019-03-13,28884.3
2019-03-14,28923.1
2019-03-15,29381.45
2019-03-18,29596.1
2019-03-19,29767.85
2019-03-20,29832.2
2019-03-22,29582.5
2019-03-25,29281.2
2019-03-26,29882.15
2019-03-27,30019.8
2019-03-28,30420.55
2019-03-29,30426.8
2019-04-01,30326.5
2019-04-02,30354.25
2019-04-03,30093.3
2019-04-04,29904.9
2019-04-05,30084.65
2019-04-08,29845.3
2019-04-09,30113.85
2019-04-10,29803.5
2019-04-11,29786.1
2019-04-12,29938.55
2019-04-15,30104.25
2019-04-16,30531.35
2019-04-18,30223.4
2019-04-22,29687.95
2019-04-23,29479.7
2019-04-24,29860.8
2019-04-25,29561.35
2019-04-26,30013.5
2019-04-30,29764.8
2019-05-02,29708.6
2019-05-03,29954.15
2019-05-06,29618.45
2019-05-07,29288.2
2019-05-08,28994.4
2019-05-09,28884.6
2019-05-10,29040.5
2019-05-13,28659.95
2019-05-14,28829.2
2019-05-15,28616.45
2019-05-16,28855.3
2019-05-17,29450.15
2019-05-20,30759.7
2019-05-21,30308.4
2019-05-22,30526.8
2019-05-23,30409.1
2019-05-24,31212.55
2019-05-27,31647.65
2019-05-28,31597.9
2019-05-29,31295.55
2019-05-30,31537.1
2019-05-31,31375.4
2019-06-03,31653.65
2019-06-04,31589.05
2019-06-06,30857.4
2019-06-07,31066.55
2019-06-10,31034.0
2019-06-11,31265.45
2019-06-12,30965.7
2019-06-13,30976.1
2019-06-14,30614.35
2019-06-17,30273.25
2019-06-18,30351.0
2019-06-19,30362.1
2019-06-20,30781.1
2019-06-21,30628.35
2019-06-24,30602.05
2019-06-25,30847.05
2019-06-26,31162.35
2019-06-27,31269.5
2019-06-28,31105.2
2019-07-01,31372.2
2019-07-02,31283.3
2019-07-03,31382.3
2019-07-04,31471.85
2019-07-05,31475.8
2019-07-08,30603.85
2019-07-09,30569.15
2019-07-10,30522.1
2019-07-11,30716.55
2019-07-12,30601.45
2019-07-15,30445.95
2019-07-16,30570.8
2019-07-17,30735.5
2019-07-18,30430.6
2019-07-19,29770.35
2019-07-22,29284.95
2019-07-23,29128.1
2019-07-24,28952.25
2019-07-25,29043.05
2019-07-26,29325.3
2019-07-29,29295.9
2019-07-30,28791.6
2019-07-31,28876.0
2019-08-01,28367.25
2019-08-02,28204.95
2019-08-05,27648.05
2019-08-06,28022.1
2019-08-07,27702.05
2019-08-08,28110.45
2019-08-09,28431.9
2019-08-13,27729.1
2019-08-14,28019.2
2019-08-16,28217.0
2019-08-19,28186.1
2019-08-20,27982.45
2019-08-21,27719.05
2019-08-22,27034.2
2019-08-23,26958.65
2019-08-26,27951.35
2019-08-27,28126.15
2019-08-28,27804.3
2019-08-29,27305.2
2019-08-30,27427.85
2019-09-03,26824.15
2019-09-04,27123.85
2019-09-05,26919.7
2019-09-06,27247.9
2019-09-09,27504.65
2019-09-11,27776.2
2019-09-12,27818.5
2019-09-13,28098.75
2019-09-16,27855.0
2019-09-17,27131.75
2019-09-18,27172.65
2019-09-19,26757.65
2019-09-20,28981.55
2019-09-23,30566.2
2019-09-24,30183.1
2019-09-25,29586.05
2019-09-26,30002.6
2019-09-27,29876.65
2019-09-30,29103.15
2019-10-01,28725.5
2019-10-03,28414.1
2019-10-04,27731.85
2019-10-07,27767.55
2019-10-09,28785.85
2019-10-10,28013.45
2019-10-11,28042.5
2019-10-14,28181.95
2019-10-15,28555.1
2019-10-16,28538.8
2019-10-17,28989.45
2019-10-18,29120.25
2019-10-22,29411.15
2019-10-23,29459.6
2019-10-24,29107.95
2019-10-25,29395.95
2019-10-27,29516.3
2019-10-29,29873.05
2019-10-30,29987.5
2019-10-31,30066.25
2019-11-01,30330.55
2019-11-04,30333.1
2019-11-05,30219.85
2019-11-06,30609.6
2019-11-07,30633.15
2019-11-08,30749.4
2019-11-11,31115.55
2019-11-13,30541.55
2019-11-14,30749.95
2019-11-15,31008.4
2019-11-18,30992.1
2019-11-19,31236.25
2019-11-20,31353.85
2019-11-21,31349.95
2019-11-22,31111.6
2019-11-25,31555.9
2019-11-26,31718.35
2019-11-27,31875.95
2019-11-28,32122.95
2019-11-29,31946.1
2019-12-02,31871.45
2019-12-03,31613.35
2019-12-04,31979.3
2019-12-05,31712.95
2019-12-06,31341.55
2019-12-09,31316.65
2019-12-10,31160.35
2019-12-11,31256.75
2019-12-12,31665.45
2019-12-13,32014.25
2019-12-16,31974.2
2019-12-17,32140.25
2019-12-18,32244.25
2019-12-19,32241.45
2019-12-20,32384.95
2019-12-23,32339.45
2019-12-24,32280.75
2019-12-26,31997.7
2019-12-27,32412.35
2019-12-30,32354.9
2019-12-31,32161.65
2020-01-01,32102.9
2020-01-02,32443.85
2020-01-03,32069.25
2020-01-06,31237.15
2020-01-07,31399.4
2020-01-08,31373.65
2020-01-09,32092.4
2020-01-10,32097.4
2020-01-13,32177.65
2020-01-14,32071.65
2020-01-15,31824.9
2020-01-16,31853.9
2020-01-17,31590.65
2020-01-20,31080.65
2020-01-21,30947.55
2020-01-22,30701.45
2020-01-23,31004.05
2020-01-24,31241.75
2020-01-27,30837.4
2020-01-28,30761.4
2020-01-29,30877.0
2020-01-30,30647.4
2020-01-31,30833.6
2020-02-01,29820.9
2020-02-03,30023.25
2020-02-04,30686.7
2020-02-05,31001.95
2020-02-06,31304.05
2020-02-07,31201.95
2020-02-10,31058.15
2020-02-11,31300.6
2020-02-12,31492.9
2020-02-13,31230.25
2020-02-14,30834.8
2020-02-17,30680.7
2020-02-18,30562.5
2020-02-19,30838.2
2020-02-20,30942.85
2020-02-24,30455.1
2020-02-25,30432.7
2020-02-26,30306.85
2020-02-27,30187.0
2020-02-28,29147.15
2020-03-02,28868.4
2020-03-03,29177.05
2020-03-04,28653.7
2020-03-05,28815.35
2020-03-06,27801.45
2020-03-09,26462.6
2020-03-11,26487.8
2020-03-12,23971.15
2020-03-13,25166.45
2020-03-16,23101.15
2020-03-17,22155.15
2020-03-18,20580.2
2020-03-19,20083.5
2020-03-20,20317.6
2020-03-23,16917.65
2020-03-24,17107.3
2020-03-25,18481.05
2020-03-26,19613.9
2020-03-27,19969.0
2020-03-30,18782.4
2020-03-31,19144.0
2020-04-01,18208.35
2020-04-03,17249.3
2020-04-07,19062.5
2020-04-08,18946.45
2020-04-09,19913.6
2020-04-13,19488.0
2020-04-15,19057.05
2020-04-16,19400.0
2020-04-17,20681.45
2020-04-20,20522.65
2020-04-21,19409.35
2020-04-22,19701.85
2020-04-23,20267.95
2020-04-24,19586.65
2020-04-27,20081.15
2020-04-28,20671.1
2020-04-29,21090.2
2020-04-30,21534.5
2020-05-04,19743.75
2020-05-05,19271.75
2020-05-06,19694.55
2020-05-07,19491.8
2020-05-08,19352.9
2020-05-11,18950.5
2020-05-12,18862.85
2020-05-13,19634.95
2020-05-14,19068.5
2020-05-15,18833.95
2020-05-18,17573.2
2020-05-19,17486.25
2020-05-20,17840.2
2020-05-21,17735.1
2020-05-22,17278.9
2020-05-26,17440.35
2020-05-27,18710.55
2020-05-28,19169.8
2020-05-29,19297.25
2020-06-01,19959.9
2020-06-02,20530.2
2020-06-03,20940.7
2020-06-04,20390.45
2020-06-05,21034.5
2020-06-08,21187.35
2020-06-09,20724.9
2020-06-10,21100.1
2020-06-11,20525.15
2020-06-12,20654.55
2020-06-15,19912.9
2020-06-16,20296.7
2020-06-17,20201.75
2020-06-18,20956.3
2020-06-19,21338.1
2020-06-22,21708.35
2020-06-23,22264.9
2020-06-24,21426.8
2020-06-25,21506.15
2020-06-26,21592.05
2020-06-29,21359.0
2020-06-30,21370.15
2020-07-01,21977.6
2020-07-02,21953.2
2020-07-03,21852.4
2020-07-06,22198.95
2020-07-07,22628.0
2020-07-08,22584.65
2020-07-09,22907.2
2020-07-10,22398.45
2020-07-13,22089.25
2020-07-14,21392.2
2020-07-15,21340.75
2020-07-16,21597.15
2020-07-17,21966.8
2020-07-20,22321.85
2020-07-21,22782.0
2020-07-22,22882.6
2020-07-23,23083.9
2020-07-24,22662.05
2020-07-27,21848.75
2020-07-28,22105.2
2020-07-29,22076.6
2020-07-30,21646.85
2020-07-31,21640.05
2020-08-03,21072.1
2020-08-04,21490.5
2020-08-05,21509.95
2020-08-06,21642.6
2020-08-07,21754.0
2020-08-10,21900.25
2020-08-11,22227.2
2020-08-12,22264.0
2020-08-13,22196.35
2020-08-14,21679.4
2020-08-17,21700.85
2020-08-18,22170.6
2020-08-19,22285.9
2020-08-20,21999.45
2020-08-21,22299.6
2020-08-24,22833.0
2020-08-25,23092.15
2020-08-26,23414.2
2020-08-27,23600.35
2020-08-28,24523.8
2020-08-31,23754.35
2020-09-01,23812.0
2020-09-02,23874.55
2020-09-03,23530.85
2020-09-04,23011.5
2020-09-07,22945.05
2020-09-08,22744.4
2020-09-09,22267.0
2020-09-10,22466.2
2020-09-11,22479.95
2020-09-14,22101.25
2020-09-15,22465.65
2020-09-16,22573.55
2020-09-17,22320.35
2020-09-18,22031.05
2020-09-21,21366.8
2020-09-22,21139.1
2020-09-23,21178.5
2020-09-24,20456.85
2020-09-25,20982.35
2020-09-28,21665.5
2020-09-29,21411.3
2020-09-30,21451.8
2020-10-01,22246.0
2020-10-05,22370.95
2020-10-06,22853.7
2020-10-07,22964.8
2020-10-08,23191.35
2020-10-09,23846.8
2020-10-12,23712.8
2020-10-13,23492.2
2020-10-14,23874.65
2020-10-15,23072.4
2020-10-16,23533.25
2020-10-19,24266.75
2020-10-20,24311.8
2020-10-21,24635.05
2020-10-22,24484.15
2020-10-23,24478.3
2020-10-26,24075.45
2020-10-27,24769.5
2020-10-28,24232.5
2020-10-29,24092.0
2020-10-30,23900.9
2020-11-02,24892.5
2020-11-03,25682.8
2020-11-04,25771.6
2020-11-05,26313.1
2020-11-06,26798.95
2020-11-09,27534.1
2020-11-10,28606.0
2020-11-11,28845.0
2020-11-12,28278.8
2020-11-13,28465.7
2020-11-14,28594.3
2020-11-17,29181.3
2020-11-18,29749.85
2020-11-19,28903.05
2020-11-20,29236.0
2020-11-23,29024.2
2020-11-24,29737.25
2020-11-25,29196.4
2020-11-26,29549.75
2020-11-27,29609.05
2020-12-01,29817.85
2020-12-02,29463.15
2020-12-03,29448.75
2020-12-04,30052.4
2020-12-07,30211.55
2020-12-08,30261.9
2020-12-09,30709.4
2020-12-10,30510.35
2020-12-11,30604.85
2020-12-14,30745.9
2020-12-15,30691.05
2020-12-16,30698.4
2020-12-17,30847.05
2020-12-18,30714.65
2020-12-21,29456.45
2020-12-22,29625.95
2020-12-23,29883.3
2020-12-24,30402.2
2020-12-28,30880.95
2020-12-29,31322.5
2020-12-30,31303.05
2020-12-31,31264.05
2021-01-01,31225.85
2021-01-04,31212.45
2021-01-05,31722.25
2021-01-06,31797.9
2021-01-07,31956.0
2021-01-08,32084.2
2021-01-11,31998.9
2021-01-12,32339.0
2021-01-13,32574.65
2021-01-14,32519.75
2021-01-15,32246.8
2021-01-18,31811.75
2021-01-19,32424.85
2021-01-20,32543.7
2021-01-21,32186.9
2021-01-22,31167.25
2021-01-25,31198.4
2021-01-27,30284.55
2021-01-28,30358.3
2021-01-29,30565.5
2021-02-01,33089.05
2021-02-02,34267.9
2021-02-03,34758.45
2021-02-04,35344.8
2021-02-05,35654.5
2021-02-08,35983.65
2021-02-09,36056.5
2021-02-10,35783.1
2021-02-11,35752.1
2021-02-12,36108.9
2021-02-15,37306.25
2021-02-16,37098.4
2021-02-17,36910.95
2021-02-18,36587.0
2021-02-19,35841.6
2021-02-22,35257.2
2021-02-23,35116.95
2021-02-24,36452.3
2021-02-25,36549.0
2021-02-26,34803.6
2021-03-01,35296.0
2021-03-02,35419.7
2021-03-03,36368.05
2021-03-04,35802.5
2021-03-05,35228.15
2021-03-08,35275.75
2021-03-09,35865.65
2021-03-10,35938.3
2021-03-12,35496.65
2021-03-15,35182.55
2021-03-16,34804.6
2021-03-17,34229.25
2021-03-18,33856.8
2021-03-19,34161.6
2021-03-22,33603.45
2021-03-23,34184.4
2021-03-24,33293.25
2021-03-25,33006.45
2021-03-26,33318.2
2021-03-30,33875.1
2021-03-31,33303.9
2021-04-01,33858.0
2021-04-05,32678.85
2021-04-06,32501.35
2021-04-07,32991.2
2021-04-08,32782.85
2021-04-09,32448.05
2021-04-12,30792.0
2021-04-13,31771.6
2021-04-15,32112.85
2021-04-16,31977.45
2021-04-19,31208.4
2021-04-20,31112.7
2021-04-22,31782.6
2021-04-23,31722.3
2021-04-26,32275.15
2021-04-27,32735.35
2021-04-28,33722.8
2021-04-29,33714.5
2021-04-30,32781.8
2021-05-03,32465.75
2021-05-04,32270.35
2021-05-05,32783.7
2021-05-06,32827.8
2021-05-07,32904.5
2021-05-10,33142.4
2021-05-11,32872.2
2021-05-12,32452.3
2021-05-14,32169.55
2021-05-17,33459.25
2021-05-18,33922.4
2021-05-19,33685.2
2021-05-20,33334.55
2021-05-21,34606.9
2021-05-24,34943.6
2021-05-25,34662.0
2021-05-26,34684.2
2021-05-27,35095.05
2021-05-28,35141.45
2021-05-31,35526.65
2021-06-01,35337.2
2021-06-02,35373.75
2021-06-03,35649.0
2021-06-04,35291.65
2021-06-07,35443.65
2021-06-08,35085.3
2021-06-09,34800.5
2021-06-10,35131.2
2021-06-11,35047.4
2021-06-14,34950.6
2021-06-15,35247.75
2021-06-16,35003.5
2021-06-17,34605.4
2021-06-18,34558.0
2021-06-21,34871.3
2021-06-22,34745.0
2021-06-23,34574.0
2021-06-24,34827.0
2021-06-25,35364.65
2021-06-28,35359.45
2021-06-29,35010.3
2021-06-30,34772.2
2021-07-01,34684.0
2021-07-02,34809.9
2021-07-05,35212.0
2021-07-06,35579.15
2021-07-07,35771.3
2021-07-08,35274.1
2021-07-09,35071.95
2021-07-12,35198.9
2021-07-13,35673.4
2021-07-14,35668.25
2021-07-15,35907.65
2021-07-16,35751.8
2021-07-19,35079.2
2021-07-20,34415.45
2021-07-22,34677.3
2021-07-23,35034.4
2021-07-26,34949.7
2021-07-27,34797.45
2021-07-28,34532.9
2021-07-29,34691.5
2021-07-30,34584.35
2021-08-02,34710.0
2021-08-03,35207.45
2021-08-04,36028.05
2021-08-05,35834.75
2021-08-06,35809.25
2021-08-09,36028.95
2021-08-10,36034.1
2021-08-11,35806.4
2021-08-12,35937.05
2021-08-13,36169.35
2021-08-16,36094.5
2021-08-17,35867.45
2021-08-18,35554.5
2021-08-20,35033.85
2021-08-23,35124.4
2021-08-24,35712.1
2021-08-25,35586.25
2021-08-26,35617.55
2021-08-27,35627.8
2021-08-30,36347.65
2021-08-31,36424.6
2021-09-01,36574.3
2021-09-02,36831.3
2021-09-03,36761.15
2021-09-06,36592.35
2021-09-07,36468.8
2021-09-08,36768.2
2021-09-09,36683.2
2021-09-13,36471.8
2021-09-14,36613.05
2021-09-15,36852.25
2021-09-16,37668.6
2021-09-17,37811.95
2021-09-20,37145.7
2021-09-21,37235.85
2021-09-22,36944.65
2021-09-23,37771.7
2021-09-24,37830.3
2021-09-27,38171.25
2021-09-28,37945.0
2021-09-29,37743.0
2021-09-30,37425.1
2021-10-01,37225.9
2021-10-04,37579.65
2021-10-05,37741.0
2021-10-06,37521.55
2021-10-07,37753.2
2021-10-08,37775.25
2021-10-11,38293.8
2021-10-12,38521.5
2021-10-13,38635.75
2021-10-14,39340.9
2021-10-18,39684.8
2021-10-19,39540.5
